{
  "level": 1,
  "state": "PLAYING",
  "move": 3,
  "transforms": [
    {
      "position": {
        "x": 5.21540642E-08,
        "y": -0.49999997,
        "z": -1.1920929E-07
      },
      "rotation": {
        "x": 270.0,
        "y": 0.0,
        "z": 0.0
      }
    },
    {
      "position": {
        "x": 4.47034836E-08,
        "y": 0.50000006,
        "z": -1.1920929E-07
      },
      "rotation": {
        "x": 0.0,
        "y": 180.0,
        "z": 270.0
      }
    }
  ]
}